Measurer_Initials,Site_Code,Sex,Nose-To-Wing-Tip-(mm),%IP-5KM
RM,A1,F,26,62
RM,A1,M,21,61
RM,A1,F,27,61
RM,A1,M,22,61
RM,A10,M,21,31
RM,A10,F,25,31
RM,A10,F,27,31
RM,A10,F,26,31
RM,A10,M,23,31
RM,A10,F,27,31
RM,A10,M,22,31
RM,A10,F,26,31
RM,A10,F,27,31
RM,A10,M,22,31
RM,A10,F,27,31
RM,A10,M,22,31
RM,A10,F,26,31
RM,A10,F,26,31
RM,A10,M,21,31
RM,A10,F,26,31
RM,A10,M,21,31
RM,A10,F,26,31
RM,A10,F,24,31
RM,A10,F,26,31
RM,A10,F,28,31
RM,A10,F,22,31
RM,A10,F,26,31
RM,A10,F,26,31
RM,A10,F,25,31
RM,A10,F,26,31
RM,A10,M,22,31
RM,A10,F,28,31
RM,A10,F,25,31
RM,A10,F,26,31
RM,A10,M,22,31
RM,A10,M,22,31
RM,A17,F,26,42
RM,A17,F,25,42
RM,A17,F,23,42
RM,A18,M,21,43
RM,A19,M,20,17
RM,A19,F,27,17
RM,A19,F,26,17
RM,A19,F,26,17
RM,A19,M,21,17
RM,A19,F,24,17
RM,A19,F,21,17
RM,A19,F,24,17
RM,A19,F,26,17
RM,A19,M,20,17
RM,A19,M,20,17
RM,A19,F,25,17
RM,A19,F,26,17
RM,A19,F,26,17
RM,A19,M,20,17
RM,A19,M,21,17
RM,A19,F,23,17
RM,A19,M,23,17
RM,A19,F,24,17
RM,A19,F,26,17
RM,A19,F,26,17
RM,A19,F,25,17
RM,A19,M,21,17
RM,A19,F,25,17
RM,A19,M,21,17
RM,A19,M,22,17
RM,A19,M,20,17
RM,A19,F,25,17
RM,A19,F,24,17
RM,A19,M,22,17
RM,A19,F,26,17
RM,A19,F,26,17
RM,A19,M,20,17
RM,A19,M,21,17
RM,A19,F,24,17
RM,A19,M,21,17
RM,A19,M,23,17
RM,A19,M,19,17
RM,A19,F,24,17
RM,A19,M,22,17
RM,A19,F,25,17
RM,A19,F,24,17
RM,A19,F,24,17
RM,A19,F,25,17
RM,A19,M,21,17
RM,A19,F,25,17
RM,A19,M,20,17
RM,A19,F,25,17
RM,A19,F,24,17
RM,A19,M,22,17
RM,A19,M,20,17
RM,A19,M,22,17
RM,A19,M,21,17
RM,A19,M,21,17
RM,A19,M,22,17
RM,A19,F,25,17
RM,A19,F,21,17
RM,A19,M,22,17
RM,A19,M,22,17
RM,A19,M,22,17
RM,A19,M,19,17
RM,A19,F,26,17
RM,A19,F,25,17
RM,A19,F,26,17
RM,A19,F,26,17
RM,A19,M,20,17
RM,A20,M,22,17
RM,A20,M,21,17
RM,A20,M,19,17
RM,A20,F,24,17
RM,A20,F,25,17
RM,A20,F,26,17
RM,A20,M,21,17
RM,A20,F,25,17
RM,A20,M,23,17
RM,A20,F,26,17
RM,A20,F,24,17
RM,A20,F,25,17
RM,A20,F,25,17
RM,A20,M,21,17
RM,A20,F,25,17
RM,A20,M,21,17
RM,A20,M,21,17
RM,A20,M,21,17
RM,A20,M,20,17
RM,A20,F,26,17
RM,A20,M,22,17
RM,A20,F,27,17
RM,A20,F,26,17
RM,A20,F,25,17
RM,A20,M,22,17
RM,A20,F,25,17
RM,A20,M,20,17
RM,A20,M,20,17
RM,A20,M,20,17
RM,A20,F,25,17
RM,A20,M,20,17
RM,A20,M,22,17
RM,A20,F,25,17
RM,A20,M,23,17
RM,A20,F,26,17
RM,A20,M,21,17
RM,A20,M,23,17
RM,A20,M,21,17
RM,A20,M,22,17
RM,A20,F,25,17
RM,A20,F,26,17
RM,A20,F,25,17
RM,A20,M,21,17
RM,A20,F,27,17
RM,A20,M,22,17
RM,A20,M,22,17
RM,A20,M,21,17
RM,A20,F,24,17
RM,A20,F,26,17
RM,A20,F,24,17
RM,A20,F,25,17
RM,A20,M,21,17
RM,A20,M,22,17
RM,A20,M,22,17
RM,A20,M,21,17
RM,A20,F,26,17
RM,A20,M,21,17
RM,A20,F,26,17
RM,A20,M,20,17
RM,A20,M,21,17
RM,A20,M,25,17
RM,A20,M,20,17
RM,A20,M,21,17
RM,A20,M,20,17
RM,A20,M,20,17
RM,A20,F,24,17
RM,A20,M,20,17
RM,A20,M,21,17
RM,A20,M,21,17
RM,A20,M,20,17
RM,A20,M,21,17
RM,A20,F,24,17
RM,A20,M,21,17
RM,A21,M,22,32
RM,A21,M,21,32
RM,A21,M,21,32
RM,A21,M,21,32
RM,A21,F,26,32
RM,A21,M,22,32
RM,A21,M,22,32
RM,A21,F,24,32
RM,A21,M,21,32
RM,A21,F,26,32
RM,A21,F,25,32
RM,A21,M,21,32
RM,A21,M,21,32
RM,A21,F,27,32
RM,A21,F,28,32
RM,A21,M,23,32
RM,A21,M,20,32
RM,A21,F,24,32
RM,A21,F,26,32
RM,A22,F,26,22
RM,A22,M,23,22
AM,A23,F,26,22
AM,A23,F,27,22
AM,A23,F,27,22
AM,A23,M,22,22
AM,A23,F,27,22
AM,A23,M,21,22
AM,A23,M,22,22
AM,A23,M,20,22
AM,A23,F,25,22
AM,A23,F,26,22
AM,A23,M,21,22
AM,A23,F,26,22
AM,A23,F,28,22
AM,A23,F,26,22
AM,A23,M,21,22
AM,A23,F,27,22
AM,A23,F,24,22
AM,A23,M,20,22
AM,A23,M,23,22
AM,A23,M,20,22
AM,A23,F,26,22
AM,A23,F,28,22
AM,A23,F,26,22
AM,A23,M,22,22
AM,A23,F,25,22
AM,A23,F,28,22
AM,A23,M,21,22
AM,A23,F,26,22
AM,A23,M,22,22
AM,A23,F,27,22
AM,A23,M,22,22
AM,A23,M,20,22
AM,A23,M,21,22
AM,A23,F,25,22
AM,A23,M,20,22
AM,A23,F,26,22
AM,A23,M,22,22
AM,A23,F,25,22
AM,A23,M,21,22
AM,A23,F,26,22
AM,A23,M,22,22
AM,A23,M,22,22
AM,A23,F,25,22
AM,A23,F,26,22
AM,A23,F,25,22
AM,A23,F,26,22
AM,A23,F,25,22
AM,A23,F,26,22
AM,A23,M,22,22
AM,A23,F,27,22
AM,A23,F,24,22
AM,A23,F,27,22
AM,A23,M,21,22
AM,A23,F,27,22
AM,A23,F,25,22
AM,A23,M,21,22
AM,A23,M,23,22
AM,A23,F,25,22
AM,A23,F,26,22
AM,A23,M,23,22
AM,A23,F,26,22
AM,A23,M,22,22
AM,A23,F,25,22
AM,A23,F,27,22
AM,A23,M,21,22
AM,A23,M,22,22
AM,A23,M,23,22
AM,A23,F,26,22
AM,A23,F,28,22
AM,A23,M,24,22
AM,A23,F,26,22
AM,A23,F,27,22
AM,A23,M,22,22
AM,A23,M,21,22
AM,A23,F,26,22
AM,A23,M,23,22
AM,A23,F,26,22
AM,A23,M,22,22
AM,A23,M,23,22
AM,A23,M,22,22
AM,A23,M,22,22
AM,A23,M,23,22
AM,A23,F,25,22
AM,A23,M,22,22
AM,A23,M,21,22
AM,A23,F,25,22
AM,A23,F,27,22
AM,A23,F,26,22
AM,A23,M,20,22
AM,A23,F,25,22
AM,A23,M,21,22
AM,A23,F,26,22
AM,A23,M,22,22
AM,A23,M,21,22
AM,A23,M,21,22
AM,A23,M,21,22
AM,A23,F,23,22
AM,A23,F,26,22
AM,A23,M,19,22
AM,A23,M,20,22
AM,A23,F,27,22
AM,A23,M,21,22
AM,A23,F,25,22
AM,A23,M,21,22
AM,A23,F,26,22
AM,A23,M,22,22
AM,A23,F,26,22
AM,A23,M,21,22
AM,A23,M,22,22
AM,A23,M,21,22
AM,A23,M,21,22
AM,A23,M,24,22
AM,A23,M,21,22
AM,A23,M,21,22
AM,A23,M,23,22
AM,A23,M,21,22
AM,A23,M,22,22
AM,A23,M,20,22
AM,A23,M,20,22
AM,A23,F,26,22
AM,A23,M,22,22
AM,A23,M,21,22
AM,A23,M,21,22
AM,A23,M,21,22
RM,A3,M,20,61
RM,A3,F,25,61
RM,A3,M,21,61
RM,A3,F,25,61
RM,A4,F,25,46
RM,A4,F,24,46
RM,A5,F,26,2
RM,A5,M,19,2
RM,A5,F,24,2
RM,A5,M,21,2
RM,A5,F,26,2
RM,A5,F,26,2
RM,A5,M,22,2
RM,A5,F,25,2
RM,A5,F,23,2
RM,A5,F,24,2
RM,A5,F,25,2
RM,A5,F,25,2
RM,A5,F,26,2
RM,A5,F,26,2
RM,A5,F,24,2
RM,A5,F,26,2
RM,A5,F,27,2
RM,A5,F,24,2
RM,A5,F,25,2
RM,A5,F,25,2
RM,A5,F,24,2
RM,A5,F,25,2
RM,A5,F,26,2
RM,A5,F,25,2
RM,A5,F,24,2
RM,A5,F,25,2
RM,A5,F,25,2
RM,A5,M,19,2
RM,A5,F,23,2
RM,A5,F,26,2
RM,A5,F,25,2
RM,A5,M,21,2
RM,A5,F,26,2
RM,A5,F,26,2
RM,A5,M,19,2
RM,A5,F,25,2
RM,A6,F,26,2
RM,A6,F,25,2
RM,A6,F,23,2
RM,A6,F,23,2
RM,A6,F,25,2
RM,A6,F,26,2
RM,A6,F,26,2
RM,A6,M,21,2
RM,A6,F,26,2
RM,A6,F,26,2
RM,A6,F,25,2
RM,A6,F,25,2
RM,A6,F,24,2
RM,A6,F,25,2
RM,A6,F,24,2
RM,A6,F,25,2
RM,A6,F,25,2
RM,A6,F,28,2
RM,A6,F,27,3
RM,A6,F,26,3
RM,A6,F,26,3
RM,A6,F,26,3
RM,A6,F,25,3
RM,A6,F,26,3
RM,A6,F,25,3
RM,A6,F,23,3
RM,A6,F,25,3
RM,A6,F,22,3
RM,A6,M,21,3
RM,A6,F,26,3
RM,A6,F,26,3
RM,A6,F,25,3
RM,A6,F,25,3
RM,A6,F,24,3
RM,A6,F,24,3
RM,A6,F,23,3
RM,A6,F,24,3
RM,A6,F,27,3
RM,A6,F,25,3
RM,A6,F,25,3
RM,A6,M,21,3
RM,A6,F,26,3
RM,A6,F,24,3
RM,A6,F,24,3
RM,A6,F,26,3
RM,A6,F,25,3
RM,A6,F,26,3
RM,A6,F,26,3
RM,A6,F,26,3
RM,A6,F,22,3
RM,A6,F,23,3
RM,A6,F,25,3
RM,A6,F,25,3
RM,A6,F,26,3
RM,A6,F,25,3
RM,A6,F,25,3
RM,A6,F,25,3
RM,A6,F,26,3
RM,A6,F,25,3
RM,A6,F,25,3
RM,A6,F,25,3
RM,A6,F,26,3
RM,A6,F,26,3
RM,A6,F,25,3
RM,A6,F,26,3
RM,A6,F,25,3
RM,A6,F,24,3
RM,A6,F,24,3
RM,A6,F,24,3
RM,A6,F,26,3
RM,A6,F,24,3
RM,A6,F,25,3
RM,A6,F,25,3
RM,A6,F,25,3
RM,A6,F,24,3
RM,A6,M,22,3
RM,A6,F,27,3
RM,A6,F,26,3
RM,A6,F,25,3
RM,A6,F,26,3
RM,A6,F,25,3
RM,A6,F,20,3
RM,A6,F,27,3
RM,A6,F,26,3
RM,A6,F,24,3
RM,A6,F,24,3
RM,A6,F,25,3
RM,A6,F,26,3
RM,A6,F,25,3
RM,A6,F,26,3
RM,A6,F,25,3
RM,A6,F,24,3
RM,A9,M,21,31
AM,B10,M,21,62
AM,B10,M,23,62
RM,B11,M,22,64
AM,B12,F,26,14
AM,B12,F,27,14
AM,B12,F,24,14
AM,B12,F,26,14
AM,B12,F,25,14
AM,B12,F,25,14
AM,B12,M,20,14
AM,B12,F,25,14
AM,B12,F,24,14
AM,B12,F,26,14
AM,B12,M,20,14
AM,B12,M,19,14
AM,B12,M,21,14
AM,B12,M,20,14
AM,B12,M,21,14
AM,B12,F,24,14
AM,B12,F,23,14
AM,B12,M,20,14
AM,B12,F,23,14
AM,B12,M,22,14
AM,B12,M,20,14
AM,B12,M,21,14
AM,B12,M,21,14
AM,B12,M,20,14
AM,B12,M,21,14
AM,B12,M,21,14
AM,B12,M,21,14
AM,B12,M,21,14
AM,B12,F,24,14
AM,B12,F,24,14
AM,B12,F,20,14
AM,B12,M,21,14
AM,B12,M,21,14
AM,B12,M,20,14
AM,B12,M,22,14
AM,B12,M,20,14
AM,B12,M,21,14
AM,B12,F,27,14
AM,B12,M,21,14
AM,B12,M,20,14
AM,B12,F,22,14
AM,B12,F,24,14
AM,B12,M,19,14
AM,B12,M,21,14
AM,B12,M,23,14
AM,B12,M,21,14
AM,B12,M,20,14
AM,B12,M,20,14
AM,B12,M,20,14
AM,B12,M,21,14
AM,B12,M,21,14
AM,B12,F,25,14
AM,B12,M,19,14
AM,B12,M,21,14
AM,B12,M,21,14
AM,B12,M,20,14
AM,B12,M,22,14
RM,B13,M,21,7
RM,B13,M,20,7
RM,B13,M,21,7
RM,B14,F,26,5
AM,B15,M,22,33
AM,B15,M,21,33
AM,B15,M,28,33
AP,B16,F,27,5
AP,B16,F,25,5
AP,B16,F,24,5
AP,B16,F,22,5
AP,B16,F,25,5
AP,B16,F,25,5
AP,B16,F,23,5
AP,B16,F,24,5
AP,B16,M,21,5
AP,B16,F,24,5
AP,B16,M,20,5
AP,B16,F,23,5
AP,B16,F,25,5
AP,B16,F,23,5
AP,B16,F,25,5
AP,B16,F,25,5
AM,B16,F,25,5
AM,B16,F,27,5
AM,B16,F,26,5
AM,B16,F,23,5
AM,B16,F,22,5
AM,B16,M,21,5
AM,B16,F,26,5
AM,B16,F,24,5
AM,B16,F,23,5
AM,B16,F,25,5
AM,B16,F,24,5
AM,B16,F,25,5
AM,B16,F,24,5
AM,B16,M,21,5
AM,B16,F,25,5
AM,B16,F,24,5
AM,B16,F,23,5
AM,B16,F,25,5
AM,B16,F,24,5
AM,B16,F,25,5
AM,B16,F,26,5
AM,B16,F,25,5
AM,B16,F,24,5
AM,B16,F,25,5
AM,B16,F,24,5
AM,B16,F,25,5
AM,B16,F,26,5
AM,B16,F,26,5
AM,B16,F,24,5
AM,B16,F,25,5
AM,B16,F,26,5
AM,B16,F,24,5
AM,B16,F,25,5
AM,B16,F,26,5
AM,B16,F,22,5
AM,B16,F,25,5
RM,B16,F,25,5
RM,B16,F,25,5
RM,B16,F,28,5
RM,B16,F,25,5
RM,B16,F,25,5
RM,B16,F,24,5
RM,B16,F,26,5
RM,B16,F,24,5
RM,B16,F,26,5
RM,B16,F,25,5
RM,B16,F,27,5
RM,B16,F,26,5
RM,B16,F,26,5
RM,B16,F,25,5
RM,B16,F,23,5
RM,B16,M,20,5
RM,B16,F,24,5
RM,B16,M,21,5
RM,B16,F,25,5
RM,B16,F,25,5
RM,B16,M,21,5
RM,B16,F,25,5
RM,B16,F,23,5
RM,B16,F,25,5
RM,B16,F,24,5
RM,B16,F,24,5
RM,B16,F,25,5
RM,B16,F,24,5
RM,B16,M,20,5
RM,B16,M,19,5
RM,B16,F,27,5
RM,B16,F,24,5
RM,B16,F,25,5
RM,B16,F,24,5
RM,B16,M,20,5
RM,B16,M,20,5
RM,B16,F,27,5
RM,B16,M,19,5
RM,B16,F,25,5
RM,B16,F,27,5
RM,B16,F,25,5
RM,B16,F,26,5
RM,B16,F,26,5
RM,B16,M,21,5
RM,B16,F,25,5
RM,B16,M,22,5
RM,B16,F,24,5
RM,B16,M,21,5
RM,B16,M,21,5
RM,B16,M,20,5
RM,B16,F,24,5
RM,B16,F,23,5
RM,B16,M,20,5
RM,B16,F,25,5
RM,B16,F,23,5
RM,B16,F,23,5
RM,B16,M,19,5
RM,B16,M,20,5
RM,B16,M,19,5
RM,B16,F,24,5
RM,B16,F,21,5
RM,B16,F,24,5
RM,B16,M,20,5
RM,B18,F,24,38
RM,B18,F,26,38
RM,B18,F,25,38
RM,B18,F,26,38
RM,B18,F,27,38
RM,B18,F,25,38
RM,B18,F,24,38
RM,B18,F,26,38
RM,B18,F,24,38
RM,B18,F,25,38
RM,B18,F,25,38
RM,B18,F,25,38
RM,B18,F,28,38
RM,B18,F,26,38
RM,B18,F,24,38
RM,B18,F,24,38
RM,B18,F,25,38
RM,B18,F,24,38
RM,B18,M,20,38
RM,B18,F,25,38
RM,B18,F,26,38
AP,B19,M,19,41
AP,B19,M,22,41
AP,B19,M,22,41
AM,B19,F,26,41
AM,B19,M,21,41
AM,B19,F,24,41
AM,B19,F,25,41
AM,B19,F,26,41
AM,B19,F,27,41
AM,B19,F,25,41
AM,B19,F,25,41
AM,B19,F,25,41
AM,B19,M,22,41
AM,B19,F,26,41
AM,B19,F,25,41
AM,B19,F,25,41
AM,B19,M,21,41
AM,B19,M,20,41
AM,B19,F,24,41
AM,B19,M,21,41
AM,B19,F,25,41
AM,B19,F,25,41
AM,B19,F,25,41
AM,B19,F,27,41
AM,B19,F,23,41
AM,B19,F,25,41
AM,B19,M,20,41
AM,B19,M,21,41
AM,B19,M,22,41
AM,B19,M,22,41
AM,B19,F,25,41
AM,B19,F,22,41
AM,B19,F,26,41
AM,B19,M,20,41
AM,B19,F,26,41
AM,B19,M,21,41
AM,B19,F,25,41
AM,B19,F,26,41
AM,B19,F,26,41
AM,B19,F,24,41
AM,B19,F,25,41
AM,B19,M,21,41
AM,B19,F,26,41
AM,B19,M,20,41
AM,B19,F,24,41
AM,B19,F,25,41
AM,B19,F,26,41
AM,B19,M,20,41
AM,B19,M,21,41
AM,B19,F,27,41
AM,B19,F,26,41
AM,B19,F,26,41
AM,B19,F,26,41
AM,B19,F,24,41
AM,B19,M,22,41
AM,B19,F,22,41
AM,B19,F,26,41
AM,B19,M,20,41
AM,B19,F,24,41
AM,B19,M,21,41
AM,B19,F,26,41
AM,B19,F,26,41
AM,B19,M,20,41
AM,B19,M,20,41
AM,B19,F,25,41
AM,B19,F,26,41
AM,B19,M,21,41
AM,B19,F,25,41
AM,B19,F,26,41
AM,B19,M,20,41
AM,B19,F,24,41
AM,B19,F,25,41
AM,B19,F,26,41
AM,B19,F,25,41
AM,B19,F,24,41
AM,B19,F,23,41
AM,B19,F,23,41
AM,B19,F,26,41
AM,B19,F,24,41
AM,B19,F,25,41
AM,B19,M,21,41
AM,B19,M,20,41
AM,B19,F,24,41
AM,B19,F,23,41
AM,B19,F,25,41
AM,B19,F,25,41
AM,B19,F,23,41
AM,B19,F,24,41
AM,B19,M,21,41
AM,B19,F,26,41
AM,B19,F,27,41
AM,B19,M,20,41
AM,B19,M,22,41
AM,B19,M,22,41
AM,B19,F,24,41
AM,B19,M,21,41
RM,B19,F,24,41
RM,B19,F,25,41
RM,B19,M,22,41
RM,B19,F,26,41
RM,B19,M,21,41
RM,B19,M,18,41
RM,B19,F,25,41
RM,B19,M,22,41
RM,B19,F,26,41
RM,B19,F,25,41
RM,B19,F,25,41
RM,B19,F,25,41
RM,B19,M,22,41
RM,B19,F,24,41
RM,B19,F,25,41
RM,B19,M,20,41
RM,B19,M,20,41
RM,B19,M,22,41
RM,B19,F,25,41
RM,B19,F,23,41
RM,B19,F,26,41
RM,B19,F,23,41
RM,B19,F,28,41
RM,B19,F,26,41
RM,B19,M,21,41
RM,B19,F,27,41
RM,B19,F,25,41
RM,B19,F,26,41
RM,B19,F,26,41
RM,B19,F,25,41
RM,B19,F,27,41
RM,B24,F,26,19
RM,B24,F,24,19
RM,B24,F,25,19
RM,B24,F,24,19
RM,B24,F,25,19
RM,B24,F,24,19
RM,B24,F,26,19
RM,B24,F,25,19
RM,B24,F,26,19
RM,B24,F,25,19
RM,B24,F,26,19
RM,B24,F,23,19
RM,B24,F,23,19
RM,B24,F,24,19
RM,B24,F,23,19
RM,B24,F,26,19
RM,B24,F,27,19
RM,B24,F,25,19
RM,B24,F,24,19
RM,B24,F,26,19
RM,B24,F,23,19
RM,B24,F,23,19
RM,B24,F,25,19
RM,B24,F,24,19
RM,B24,F,24,19
RM,B24,F,24,19
RM,B24,F,24,19
RM,B24,F,25,19
RM,B24,F,23,19
RM,B24,F,24,19
RM,B24,F,25,19
RM,B24,F,26,19
RM,B24,F,25,19
RM,B24,F,22,19
RM,B24,F,26,19
RM,B24,F,23,19
RM,B24,F,24,19
RM,B24,F,24,19
RM,B24,F,25,19
RM,B24,F,24,19
RM,B24,F,25,19
RM,B24,F,22,19
RM,B24,F,23,19
RM,B24,F,25,19
RM,B24,F,22,19
RM,B24,F,22,19
RM,B24,F,23,19
RM,B24,F,23,19
RM,B24,F,24,19
RM,B24,F,24,19
RM,B24,F,23,19
RM,B24,F,25,19
RM,B24,F,24,19
RM,B24,F,22,19
RM,B25,F,27,30
RM,B25,F,24,30
AP,B26,F,25,22
AP,B26,F,24,22
AP,B26,F,26,22
AP,B26,F,26,22
AP,B26,F,24,22
AP,B26,F,23,22
AP,B26,F,23,22
AP,B26,M,20,22
AP,B26,F,24,22
RM,B26,F,23,22
RM,B26,F,26,22
RM,B26,M,22,22
RM,B26,F,25,22
RM,B26,F,23,22
RM,B26,F,25,22
RM,B26,F,25,22
RM,B26,F,23,22
AM,B26,F,24,22
AM,B26,M,20,22
AM,B26,M,21,22
AM,B26,F,27,22
AM,B26,F,25,22
AM,B26,F,25,22
AM,B26,F,25,22
AM,B26,F,26,22
AM,B26,M,20,22
AM,B26,M,20,22
AM,B26,M,19,22
AM,B26,F,28,22
AP,B27,F,26,62
AP,B27,F,25,62
AP,B27,F,24,62
AP,B27,F,24,62
AP,B27,F,26,62
AP,B27,F,25,62
AP,B27,F,25,62
AP,B27,M,21,62
AP,B27,M,20,62
AP,B27,F,25,62
AP,B27,F,25,62
AP,B27,F,26,62
AP,B27,M,20,62
AP,B27,M,20,62
AP,B27,M,21,62
AP,B27,F,25,62
AP,B27,F,24,62
AP,B27,F,24,62
AP,B27,F,27,62
AP,B27,M,21,62
AP,B27,M,20,62
AP,B27,M,20,62
AP,B27,M,19,62
AP,B27,M,20,62
AP,B27,F,26,62
AP,B27,M,22,62
AP,B27,F,25,62
AP,B27,F,27,62
AP,B27,F,27,62
AP,B27,F,23,62
AP,B27,F,25,62
AP,B27,M,20,62
AP,B27,M,19,62
AP,B27,M,20,62
AP,B27,M,19,62
AP,B27,M,20,62
AP,B27,M,21,62
AP,B27,M,22,62
AP,B27,F,23,62
AP,B27,F,25,62
AP,B27,F,24,62
AP,B27,F,25,62
AP,B27,M,25,62
AP,B27,M,21,62
AP,B27,M,22,62
AP,B27,M,21,62
AP,B27,M,22,62
AP,B27,M,19,62
AP,B27,M,21,62
AP,B27,F,28,62
AP,B27,F,25,62
AP,B27,F,25,62
AP,B27,M,23,62
AP,B27,F,27,62
AP,B27,M,20,62
AP,B27,F,25,62
AP,B27,F,26,62
AP,B27,F,27,62
AP,B27,M,21,62
AP,B27,M,21,62
AP,B27,M,23,62
AP,B27,M,21,62
AM,B29,F,26,12
AM,B29,F,25,12
AM,B29,F,26,12
AM,B29,F,25,12
AM,B30,F,26,12
AM,B30,F,25,12
AM,B30,F,26,12
AM,B30,F,24,12
AM,B30,F,26,12
AM,B30,F,26,12
AM,B30,F,24,12
AM,B30,F,25,12
AM,B30,F,25,12
AM,B30,F,25,12
AM,B30,F,26,12
AM,B30,F,25,12
AM,B30,F,26,12
AM,B30,F,25,12
AM,B30,F,23,12
AM,B30,F,26,12
AM,B30,F,26,12
AM,B30,F,25,12
AM,B30,F,23,12
AM,B30,F,26,12
AM,B30,F,27,12
AM,B30,F,26,12
AM,B30,F,25,12
AM,B30,F,26,12
AM,B30,F,24,12
AM,B30,F,26,12
AM,B30,F,24,12
AM,B30,F,25,12
AM,B30,F,25,12
AM,B30,F,26,12
AM,B30,F,25,12
AM,B30,F,24,12
AM,B30,F,25,12
AM,B30,F,23,12
AM,B30,F,25,12
AM,B30,F,23,12
AM,B30,F,26,12
AM,B30,F,24,12
RM,B31,F,27,46
RM,B31,M,21,46
RM,B31,M,21,46
RM,B32,F,25,4
RM,B32,F,26,4
RM,B32,F,24,4
RM,B32,M,21,4
RM,B32,M,21,4
RM,B32,M,22,4
RM,B32,M,22,4
RM,B4,M,22,62
RM,B4,F,24,62
RM,B4,M,22,62
RM,B4,F,26,62
RM,B4,F,27,62
RM,B4,F,26,62
RM,B4,M,20,62
RM,B4,F,27,62
RM,B4,M,22,62
RM,B4,M,21,62
RM,B4,M,23,62
RM,B4,F,25,62
RM,B4,M,22,62
AM,B5,M,22,62
AM,B6,F,26,64
RM,B8,F,27,60
RM,B8,F,25,60
RM,B8,F,27,60
RM,B8,F,24,60
RM,B8,F,26,60
RM,B8,M,22,60
RM,B9,F,25,60
AP,C10,F,26,21
AP,C10,F,26,21
AP,C10,F,24,21
AP,C10,F,23,21
AP,C10,F,25,21
AP,C10,F,25,21
AP,C10,F,24,21
AP,C10,F,25,21
AP,C10,F,24,21
AP,C10,F,27,21
AP,C10,F,23,21
AP,C10,F,23,21
AP,C10,F,24,21
AP,C10,F,25,21
AM,C11,F,25,37
AM,C11,F,27,37
AM,C11,F,26,37
AM,C11,F,26,37
AM,C11,F,25,37
AM,C11,F,23,37
AM,C11,F,25,37
AM,C11,F,24,37
AM,C11,F,26,37
AM,C11,F,24,37
AM,C11,F,23,37
AM,C11,M,21,37
AM,C11,F,27,37
AM,C11,M,22,37
AM,C11,F,26,37
AM,C11,F,23,37
AM,C11,M,20,37
AM,C11,M,21,37
AM,C11,F,24,37
AM,C11,F,25,37
AM,C12,F,22,9
AM,C12,F,25,9
AM,C12,F,24,9
AM,C12,F,24,9
AM,C12,M,22,9
AM,C12,F,25,9
AM,C12,M,21,9
AM,C12,M,21,9
AM,C12,M,21,9
AM,C12,M,20,9
AP,C12,F,25,9
AP,C12,M,21,9
AP,C12,F,25,9
AP,C12,M,22,9
AP,C12,F,25,9
AP,C12,F,24,9
AP,C12,F,23,9
AP,C12,M,21,9
AP,C12,F,25,9
AP,C12,F,24,9
AP,C12,M,18,9
AP,C12,M,22,9
AP,C12,F,23,9
AP,C12,F,24,9
AP,C12,F,27,9
AP,C12,M,20,9
AP,C12,F,24,9
AP,C12,M,20,9
AP,C12,F,23,9
AP,C12,M,20,9
AP,C12,F,23,9
AP,C12,M,18,9
AP,C12,F,22,9
AP,C12,F,28,9
AP,C12,F,23,9
AP,C12,M,18,9
AP,C12,F,25,9
AP,C12,F,23,9
AP,C12,F,26,9
AP,C12,F,23,9
AP,C12,M,21,9
AP,C12,F,22,9
AP,C12,F,24,9
AP,C12,F,24,9
AP,C12,F,23,9
AP,C14,F,27,63
AP,C14,F,27,63
AP,C14,F,24,63
AP,C14,F,25,63
AP,C14,F,27,63
AP,C14,M,21,63
AP,C14,M,20,63
AP,C14,M,21,63
AP,C14,M,22,63
AP,C14,M,21,63
RM,C15,F,26,5
RM,C15,F,26,5
RM,C15,F,27,5
RM,C15,M,20,5
RM,C15,F,27,5
RM,C15,M,24,5
RM,C16,F,25,3
RM,C16,F,25,3
RM,C17,F,25,2
RM,C17,F,27,2
RM,C17,F,24,2
RM,C17,F,26,2
RM,C17,F,27,2
RM,C17,F,24,2
RM,C17,F,24,2
RM,C17,F,26,2
RM,C17,F,25,2
RM,C17,F,25,2
RM,C17,F,23,2
RM,C17,M,23,2
RM,C17,F,24,2
RM,C17,F,24,2
RM,C17,F,26,2
RM,C17,F,26,2
RM,C17,F,24,2
RM,C17,F,25,2
RM,C17,F,24,2
RM,C17,F,26,2
RM,C17,F,24,2
RM,C17,F,25,2
RM,C17,F,27,2
RM,C17,F,25,2
RM,C17,F,26,2
RM,C17,F,27,2
RM,C17,F,26,2
RM,C17,M,21,2
RM,C17,F,27,2
RM,C17,F,24,2
RM,C17,F,24,2
RM,C17,F,24,2
RM,C17,F,25,2
RM,C18,F,24,48
AM,C19,F,24,20
AM,C19,M,23,20
AM,C19,M,20,20
AM,C19,M,23,20
AM,C19,M,22,20
AM,C19,M,21,20
AM,C19,F,29,20
AM,C19,F,26,20
AM,C19,M,21,20
AM,C19,M,21,20
AM,C19,M,21,20
AM,C19,F,24,20
AM,C19,M,22,20
AM,C19,F,26,20
AM,C19,M,21,20
AM,C19,F,23,20
AM,C19,M,22,20
AM,C19,F,25,20
AM,C19,M,22,20
AM,C19,M,22,20
AM,C19,M,20,20
AM,C19,M,21,20
AM,C19,M,19,20
AM,C19,M,21,20
AM,C19,M,21,20
AM,C19,M,20,20
RM,C2,F,24,62
RM,C2,F,26,62
RM,C2,M,21,62
RM,C2,M,21,62
RM,C2,F,24,62
RM,C2,M,21,62
RM,C2,M,20,62
RM,C2,F,25,62
RM,C2,M,21,62
RM,C2,M,21,62
RM,C2,M,21,62
AP,C2,F,25,62
AP,C2,F,25,62
AP,C2,F,26,62
AP,C2,F,25,62
AP,C2,F,26,62
AP,C2,M,21,62
AP,C2,M,20,62
AP,C2,M,21,62
AP,C2,M,21,62
AP,C2,F,27,62
AP,C2,F,27,62
AP,C2,M,21,62
AP,C2,F,28,62
AP,C2,F,25,62
AP,C2,M,21,62
AP,C2,M,20,62
AP,C2,M,19,62
AP,C2,M,20,62
AP,C2,M,20,62
AP,C2,F,25,62
AP,C2,M,21,62
AP,C2,F,25,62
RM,C20,F,25,53
RM,C20,F,27,53
RM,C20,M,21,53
RM,C20,F,25,53
RM,C20,F,24,53
RM,C21,M,22,62
RM,C21,M,21,62
RM,C21,F,24,62
RM,C21,F,26,62
RM,C21,M,20,62
RM,C21,M,22,62
RM,C22,M,22,61
AP,C23,F,26,17
AP,C23,F,26,17
AP,C23,F,27,17
AP,C23,M,20,17
AP,C23,F,25,17
AP,C23,M,21,17
AP,C23,F,25,17
AM,C24,F,25,31
AM,C24,F,27,31
AM,C24,F,24,31
AM,C24,F,27,31
AM,C24,F,25,31
AM,C24,F,25,31
AM,C24,F,25,31
AM,C24,F,26,31
AM,C24,F,27,31
AM,C24,F,26,31
AM,C24,F,26,31
AM,C24,F,26,31
AM,C24,F,28,31
AM,C24,F,25,31
AM,C24,F,26,31
AM,C24,F,27,31
AM,C24,F,26,31
AM,C24,F,26,31
AM,C24,F,26,31
AM,C24,F,26,31
AM,C24,F,27,31
AM,C24,F,26,31
AM,C24,F,26,31
AM,C24,F,26,31
AM,C24,M,21,31
AM,C24,F,25,31
AM,C24,F,27,31
AM,C24,F,25,31
AM,C24,F,26,31
AM,C24,F,25,31
AM,C24,F,26,31
AM,C24,F,26,31
AM,C24,F,26,31
AM,C24,F,28,31
AM,C24,F,26,31
AM,C24,F,26,31
AM,C24,F,27,31
AM,C24,F,25,31
AM,C25,F,26,33
AM,C25,F,26,33
AM,C25,F,26,33
AM,C25,M,22,33
AM,C25,M,19,33
AM,C25,F,26,33
AM,C25,M,22,33
AM,C25,F,26,33
AM,C25,F,27,33
AM,C25,F,24,33
AM,C25,M,20,33
AM,C25,M,20,33
AM,C25,M,21,33
AM,C25,M,21,33
AM,C25,M,20,33
AM,C25,F,27,33
AM,C25,M,22,33
AM,C25,F,24,33
AM,C25,F,26,33
AM,C25,F,26,33
AM,C25,F,27,33
AM,C25,M,22,33
AM,C25,M,20,33
AM,C25,M,22,33
AM,C25,M,21,33
AM,C25,F,24,33
AM,C25,M,22,33
AM,C25,M,21,33
AM,C25,M,23,33
AM,C25,M,21,33
AM,C25,M,21,33
AM,C25,M,21,33
AM,C25,F,25,33
AM,C25,F,25,33
AM,C25,F,27,33
AM,C25,M,21,33
AM,C25,F,27,33
AM,C25,F,23,33
RM,C26,F,24,54
RM,C26,F,24,54
RM,C26,F,25,54
RM,C26,F,26,54
RM,C26,F,25,54
RM,C26,F,27,54
RM,C26,F,26,54
RM,C26,F,26,54
RM,C26,F,26,54
RM,C26,F,25,54
RM,C26,F,24,54
RM,C26,M,21,54
RM,C26,M,22,54
RM,C26,F,25,54
RM,C26,F,27,54
RM,C26,F,24,54
RM,C26,F,25,54
RM,C26,M,22,54
RM,C26,M,22,54
RM,C26,F,24,54
RM,C26,M,26,54
RM,C26,M,22,54
RM,C26,F,26,54
RM,C26,F,26,54
RM,C26,M,19,54
RM,C26,F,26,54
RM,C26,M,21,54
RM,C26,M,23,54
RM,C26,F,26,54
RM,C26,F,26,54
RM,C26,M,21,54
RM,C26,F,26,54
RM,C26,M,20,54
RM,C26,F,24,54
AP,C26,M,19,54
AP,C26,M,21,54
AP,C26,M,22,54
AP,C26,M,23,54
AP,C26,M,21,54
AP,C26,M,21,54
AP,C26,M,20,54
AP,C26,M,21,54
RM,C27,F,25,54
RM,C27,F,25,54
RM,C27,F,24,54
RM,C27,M,21,54
RM,C27,F,26,54
RM,C27,F,25,54
RM,C27,M,21,54
RM,C27,F,27,54
RM,C27,M,21,54
RM,C27,F,26,54
RM,C27,M,21,54
RM,C27,M,23,54
RM,C27,F,25,54
RM,C27,F,25,54
RM,C27,M,22,54
RM,C27,M,23,54
RM,C27,M,21,54
RM,C27,M,20,54
RM,C27,F,26,54
RM,C27,F,23,54
RM,C27,F,29,54
RM,C27,F,27,54
RM,C27,F,27,54
RM,C27,M,21,54
RM,C27,M,22,54
RM,C27,M,21,54
RM,C27,M,21,54
RM,C27,F,27,54
RM,C27,F,27,54
RM,C27,F,24,54
RM,C27,M,22,54
RM,C27,F,22,54
RM,C27,F,24,54
RM,C27,M,22,54
RM,C27,M,20,54
RM,C27,M,21,54
RM,C27,M,19,54
RM,C27,F,25,54
RM,C27,M,19,54
RM,C27,M,21,54
RM,C27,M,21,54
RM,C27,M,22,54
RM,C27,M,21,54
RM,C27,M,22,54
RM,C27,F,24,54
RM,C27,M,21,54
RM,C27,F,24,54
RM,C27,M,21,54
RM,C27,M,22,54
RM,C27,M,20,54
RM,C27,M,22,54
RM,C27,M,21,54
RM,C27,M,22,54
RM,C27,M,21,54
RM,C27,M,21,54
RM,C27,M,22,54
AP,C28,F,26,51
AP,C28,M,21,51
AP,C28,M,21,51
AP,C28,F,26,51
AP,C28,F,26,51
AP,C28,M,20,51
AP,C28,M,22,51
AP,C28,M,20,51
AP,C28,M,20,51
AP,C28,F,25,51
AP,C28,M,22,51
AP,C28,F,25,51
AP,C28,M,22,51
AP,C28,M,21,51
AP,C28,M,22,51
AP,C28,M,19,51
AP,C28,M,20,51
AP,C28,M,19,51
AP,C28,F,26,51
AP,C28,M,21,51
AP,C28,M,21,51
AP,C28,M,24,51
AP,C28,M,22,51
AP,C28,M,21,51
AP,C28,M,21,51
AP,C28,M,21,51
AP,C28,M,23,51
AP,C28,M,21,51
AP,C28,M,22,51
AP,C28,M,21,51
AP,C28,M,21,51
AP,C28,M,20,51
AP,C28,M,22,51
AP,C28,F,24,51
AP,C28,M,21,51
AP,C28,F,21,51
AP,C28,M,21,51
AP,C28,M,21,51
AP,C28,M,20,51
AP,C28,M,20,51
AP,C28,M,20,51
AP,C28,M,20,51
AP,C29,F,25,50
AP,C29,F,24,50
AP,C29,M,20,50
AP,C29,M,21,50
AP,C29,M,21,50
AP,C29,M,22,50
AP,C29,M,18,50
AP,C29,M,21,50
AP,C29,M,20,50
AP,C29,M,20,50
AP,C29,M,20,50
AP,C29,M,22,50
AP,C29,M,21,50
AP,C29,M,22,50
AP,C29,F,25,50
AP,C29,M,22,50
AP,C29,M,21,50
AP,C29,M,22,50
AP,C29,M,21,50
AP,C29,M,21,50
AP,C29,M,22,50
AP,C29,M,20,50
AP,C29,F,25,50
AP,C29,F,25,50
AP,C29,M,21,50
AP,C29,M,23,50
AP,C29,M,21,50
AP,C29,M,21,50
AP,C29,M,21,50
AP,C29,M,21,50
RM,C3,F,26,62
RM,C3,F,27,62
RM,C3,F,25,62
RM,C3,F,26,62
RM,C3,F,23,62
RM,C3,F,26,62
RM,C3,F,25,62
RM,C3,F,23,62
RM,C3,F,25,62
RM,C3,F,27,62
RM,C3,F,26,62
RM,C3,F,25,62
RM,C3,F,26,62
RM,C3,F,27,62
RM,C3,F,26,62
RM,C3,F,25,62
RM,C3,F,25,62
RM,C3,F,25,62
RM,C3,F,25,62
RM,C3,F,24,62
RM,C3,F,25,62
RM,C3,F,25,62
RM,C3,F,27,62
RM,C3,F,27,62
RM,C3,F,26,62
RM,C3,F,27,62
RM,C3,F,24,62
RM,C3,F,24,62
RM,C3,F,26,62
RM,C3,F,25,62
RM,C3,F,25,62
RM,C3,M,20,62
RM,C3,F,24,62
RM,C3,F,25,62
RM,C3,F,25,62
RM,C3,F,26,62
RM,C3,M,23,62
RM,C3,F,25,62
RM,C3,F,25,62
RM,C3,F,25,62
RM,C3,F,27,62
RM,C3,F,27,62
RM,C3,F,25,62
RM,C3,F,25,62
RM,C3,F,26,62
RM,C3,F,26,62
RM,C3,M,26,62
RM,C3,F,25,62
RM,C3,F,28,62
RM,C3,M,20,62
RM,C3,F,27,62
RM,C3,F,24,62
RM,C3,F,28,62
RM,C3,F,24,62
RM,C3,F,26,62
RM,C3,F,26,62
RM,C3,F,25,62
RM,C3,F,25,62
RM,C3,F,28,62
RM,C3,F,26,62
RM,C3,F,24,62
RM,C3,F,26,62
RM,C3,F,24,62
RM,C3,F,25,62
RM,C3,F,25,62
RM,C3,F,25,62
RM,C3,F,27,62
RM,C3,F,25,62
RM,C3,F,27,62
RM,C3,F,25,62
AP,C3,F,25,62
AP,C3,F,26,62
AP,C3,F,25,62
AP,C3,F,26,62
AP,C3,F,26,62
AP,C3,M,20,62
AP,C3,F,25,62
AP,C3,F,25,62
AP,C3,F,26,62
AP,C3,F,26,62
AP,C3,F,23,62
AP,C3,F,27,62
AP,C3,F,26,62
RM,C3,F,26,62
RM,C3,F,26,62
RM,C3,F,27,62
RM,C3,F,25,62
RM,C3,F,26,62
RM,C3,F,26,62
RM,C3,F,26,62
RM,C3,F,25,62
RM,C3,F,26,62
RM,C3,F,25,62
RM,C3,F,24,62
RM,C3,F,25,62
RM,C3,F,26,62
RM,C3,F,26,62
RM,C3,F,26,62
RM,C3,F,24,62
RM,C3,F,25,62
RM,C3,F,25,62
RM,C3,F,27,62
RM,C3,F,25,62
RM,C3,F,27,62
RM,C3,F,26,62
RM,C3,F,26,62
RM,C3,F,25,62
RM,C3,F,25,62
RM,C3,F,25,62
RM,C3,F,25,62
RM,C3,F,25,62
RM,C3,F,24,62
RM,C3,F,26,62
RM,C3,F,25,62
RM,C3,F,27,62
RM,C3,F,25,62
RM,C30,M,22,53
RM,C30,M,21,53
RM,C30,M,22,53
RM,C30,M,22,53
RM,C30,F,26,53
RM,C30,F,27,53
RM,C30,F,25,53
RM,C30,F,25,53
RM,C30,M,22,53
RM,C30,F,25,53
RM,C30,F,25,53
RM,C30,M,22,53
AM,C31,F,27,57
AM,C31,F,25,57
AM,C31,F,26,57
AM,C31,F,24,57
AM,C31,F,25,57
AM,C31,F,26,57
AM,C31,F,24,57
AM,C31,M,20,57
AM,C31,F,24,57
AM,C31,F,26,57
AM,C31,F,25,57
AM,C31,F,25,57
AM,C31,F,24,57
AM,C31,M,21,57
AM,C31,M,22,57
AM,C31,M,21,57
AM,C31,M,21,57
AM,C31,M,20,57
AM,C31,F,26,57
AM,C31,M,21,57
AM,C31,M,22,57
AM,C31,M,23,57
AP,C32,F,26,55
AP,C32,F,25,55
AP,C32,F,25,55
AP,C32,F,27,55
AP,C32,F,27,55
AP,C32,M,21,55
AP,C32,M,21,55
AP,C32,M,22,55
AP,C32,M,21,55
AP,C32,M,21,55
AP,C32,F,25,55
AP,C32,F,27,55
AP,C32,F,25,55
AP,C32,M,21,55
AP,C32,F,25,55
AP,C32,F,26,55
AP,C32,F,25,55
AP,C32,F,26,55
AP,C33,F,25,54
AP,C33,F,26,22
AP,C33,M,20,22
AP,C33,M,21,22
AP,C33,M,21,22
AP,C33,F,18,22
AP,C33,M,20,22
AP,C33,M,21,22
AP,C33,M,20,22
AP,C33,F,25,22
AP,C33,F,26,22
AP,C33,M,20,22
AP,C33,M,21,22
AP,C33,M,22,22
AP,C33,F,26,22
AP,C33,M,20,22
AP,C33,M,21,22
AP,C33,F,25,22
AP,C33,F,25,22
AP,C33,M,21,22
AP,C33,M,21,22
AP,C33,F,24,22
AP,C33,M,21,22
AP,C33,F,24,22
AP,C33,M,20,22
AP,C33,M,22,22
AP,C33,M,21,22
AP,C33,M,22,22
AP,C33,M,20,22
AP,C33,M,21,22
AP,C33,M,19,22
RM,C34,M,22,17
RM,C34,M,22,17
RM,C34,M,21,17
RM,C34,F,25,17
RM,C34,M,21,17
RM,C34,F,25,17
RM,C34,F,20,17
RM,C34,M,19,17
RM,C34,M,20,17
RM,C34,M,21,17
RM,C34,M,20,17
RM,C34,M,21,17
RM,C34,M,23,17
RM,C34,M,20,17
RM,C34,M,23,17
RM,C34,M,22,17
RM,C34,M,22,17
RM,C34,M,21,17
RM,C34,M,22,17
RM,C34,M,20,17
RM,C34,M,21,17
AM,C34,M,23,17
AM,C34,M,22,17
AM,C34,F,26,17
AM,C34,F,26,17
AM,C34,M,22,17
AM,C34,M,22,17
AM,C34,F,25,17
AM,C34,M,22,17
AM,C34,M,19,17
AM,C34,M,22,17
AM,C34,F,27,17
AM,C34,F,26,17
AM,C34,F,24,17
AM,C34,F,26,17
AM,C34,M,21,17
AM,C34,F,27,17
AM,C34,F,26,17
AM,C34,F,26,17
AM,C34,F,25,17
AM,C34,F,26,17
AM,C34,M,19,17
AM,C34,M,22,17
AM,C34,M,22,17
AM,C34,F,26,17
AM,C34,F,25,17
AM,C34,M,21,17
AM,C34,M,22,17
AM,C34,M,21,17
AM,C34,M,23,17
AM,C34,M,22,17
AM,C34,M,22,17
AM,C34,F,25,17
AM,C34,M,21,17
AM,C34,F,26,17
AM,C34,M,21,17
AM,C34,M,20,17
AM,C34,F,24,17
AM,C34,F,24,17
AM,C34,F,26,17
AM,C34,M,20,17
AM,C34,F,25,17
AM,C34,M,21,17
AM,C34,M,22,17
AM,C34,M,21,17
AM,C34,M,23,17
AM,C34,F,27,17
AM,C34,M,22,17
AM,C34,F,25,17
AM,C34,M,21,17
AM,C34,M,21,17
AM,C34,F,25,17
AM,C34,M,21,17
AM,C34,M,21,17
AM,C34,M,21,17
AM,C34,M,21,17
AM,C34,M,22,17
AM,C34,M,21,17
AM,C34,F,24,17
AM,C34,M,21,17
AM,C34,M,22,17
AM,C34,F,26,17
AM,C34,M,22,17
AM,C34,M,22,17
AM,C34,M,21,17
AM,C34,M,20,17
AM,C34,M,20,17
AM,C34,M,21,17
AM,C34,F,25,17
AM,C34,M,21,17
AM,C34,M,22,17
AM,C34,M,21,17
AM,C34,M,22,17
AM,C34,M,22,17
AM,C34,M,22,17
AM,C34,M,22,17
AM,C34,M,21,17
AM,C34,M,21,17
AM,C34,M,21,17
AM,C34,M,22,17
AM,C34,M,22,17
AM,C34,M,21,17
AM,C34,M,21,17
AM,C34,M,20,17
AM,C34,M,21,17
AM,C34,M,21,17
AM,C34,M,20,17
RM,C34,M,21,17
RM,C34,M,20,17
RM,C34,M,21,17
RM,C34,F,26,17
RM,C34,F,28,17
RM,C34,M,20,17
RM,C34,F,26,17
RM,C34,M,23,17
RM,C34,M,21,17
RM,C34,F,26,17
RM,C34,M,22,17
RM,C34,F,24,17
RM,C34,M,20,17
RM,C34,M,22,17
RM,C34,F,26,17
RM,C34,M,23,17
RN,C34,F,25,17
RM,C34,F,26,17
RM,C34,F,24,17
RM,C34,F,26,17
RM,C34,F,25,17
RM,C34,M,22,17
RM,C34,M,23,17
RM,C34,F,25,17
RM,C34,F,25,17
RM,C34,F,23,17
RM,C34,F,25,17
RM,C34,M,20,17
RM,C34,M,21,17
RM,C34,F,24,17
RM,C34,M,21,17
RM,C34,F,25,17
RM,C34,M,22,17
RM,C34,M,21,17
RM,C34,M,20,17
RM,C34,M,20,17
RM,C34,F,24,17
RM,C34,F,25,17
RM,C34,F,25,17
RM,C34,M,20,17
RM,C34,M,21,17
RM,C34,M,22,17
RM,C34,M,22,17
RM,C34,M,22,17
RM,C34,F,25,17
RM,C34,M,21,17
RM,C34,M,21,17
RM,C34,M,21,17
RM,C34,F,24,17
RM,C34,M,22,17
RM,C34,F,25,17
RM,C34,M,22,17
RM,C34,M,20,17
RM,C34,M,21,17
RM,C34,M,21,17
RM,C34,M,22,17
RM,C34,M,21,17
RM,C34,F,26,17
RM,C34,M,22,17
RM,C34,M,22,17
RM,C34,F,24,17
RM,C34,M,20,17
RM,C34,F,25,17
RM,C34,M,21,17
RM,C34,F,23,17
RM,C34,M,22,17
RM,C34,M,22,17
RM,C34,M,21,17
RM,C34,M,21,17
RM,C34,F,26,17
RM,C34,F,26,17
RM,C34,M,21,17
RM,C34,M,21,17
RM,C34,M,21,17
RM,C34,M,21,17
RM,C34,M,19,17
RM,C34,M,21,17
RM,C34,F,26,17
RM,C34,M,20,17
RM,C34,M,21,17
RM,C34,M,22,17
RM,C34,F,26,17
RM,C34,M,20,17
RM,C34,M,22,17
RM,C34,M,21,17
RM,C34,M,21,17
RM,C34,M,21,17
RM,C34,F,25,17
RM,C34,M,22,17
RM,C34,F,26,17
RM,C34,M,22,17
RM,C34,M,21,17
RM,C34,M,21,17
RM,C34,F,24,17
RM,C34,F,25,17
RM,C34,M,22,17
RM,C34,M,22,17
RM,C34,F,24,17
RM,C34,M,19,17
RM,C34,F,24,17
RM,C34,F,24,17
RM,C34,F,26,17
RM,C34,F,26,17
RM,C34,M,21,17
RM,C34,M,20,17
RM,C34,M,21,17
RM,C34,M,22,17
RM,C34,M,23,17
AM,C35,F,25,60
AM,C35,F,25,60
AM,C35,F,26,60
AM,C35,F,25,60
AM,C35,F,26,60
AM,C35,F,25,60
AM,C35,F,24,60
AM,C35,F,25,60
AP,C36,F,28,40
AP,C36,F,26,40
AP,C36,F,27,40
AP,C36,M,21,40
AP,C36,F,24,40
AP,C36,M,21,40
AP,C36,F,25,40
AP,C36,M,21,40
AP,C36,M,19,40
AP,C36,M,22,40
AP,C36,F,25,40
AP,C36,F,25,40
AP,C36,F,25,40
AP,C36,F,25,40
AP,C36,F,24,40
AP,C36,M,21,40
AP,C36,M,21,40
AP,C36,F,25,40
AP,C36,F,22,40
AM,C37,F,24,25
AM,C37,F,24,25
AM,C37,F,24,25
AM,C37,F,26,25
AM,C37,F,25,25
AM,C37,F,26,25
AM,C37,M,21,25
AM,C37,M,22,25
AM,C37,M,20,25
AM,C37,F,24,25
AM,C37,F,24,25
AM,C37,F,25,25
AM,C37,F,26,25
AM,C37,F,25,25
AM,C37,F,26,25
AM,C37,M,22,25
AM,C37,F,25,25
AM,C37,F,25,25
AM,C37,F,26,25
AM,C37,F,26,25
AM,C37,M,20,25
AM,C37,M,21,25
AM,C37,M,21,25
AM,C37,M,22,25
AM,C37,F,27,25
AM,C37,M,23,25
AM,C37,M,21,25
AM,C37,F,26,25
AM,C37,M,22,25
AM,C37,M,21,25
AM,C37,M,20,25
AM,C37,M,21,25
AM,C37,M,21,25
AM,C37,M,21,25
AM,C37,F,25,25
AM,C37,M,21,25
RM,C38,F,26,16
RM,C38,F,26,16
RM,C38,F,25,16
RM,C38,F,25,16
RM,C38,F,25,16
RM,C38,M,21,16
RM,C38,F,24,16
RM,C38,F,25,16
RM,C38,F,26,16
RM,C38,F,24,16
RM,C38,F,25,16
RM,C38,M,23,16
RM,C38,F,24,16
RM,C38,M,21,16
RM,C38,F,26,16
RM,C38,F,27,16
RM,C38,F,25,16
RM,C38,M,20,16
RM,C38,F,25,16
RM,C38,F,26,16
RM,C38,F,27,16
RM,C38,F,24,16
RM,C38,M,20,16
RM,C38,M,21,16
RM,C38,M,20,16
RM,C38,M,21,16
RM,C38,M,23,16
RM,C38,M,21,16
RM,C38,F,26,16
RM,C38,F,26,16
RM,C38,F,25,16
RM,C38,F,26,16
RM,C38,M,21,16
RM,C38,F,25,16
RM,C38,F,24,16
RM,C38,F,21,16
RM,C38,M,22,16
RM,C38,M,21,16
RM,C38,F,24,16
RM,C38,F,27,16
RM,C38,M,22,16
RM,C38,M,21,16
RM,C39,M,23,7
AP,C4,F,26,62
AP,C4,F,25,62
AP,C4,F,25,62
AP,C4,F,24,62
AP,C4,F,26,62
AP,C4,F,26,62
AP,C4,F,25,62
AP,C4,F,25,62
AP,C4,F,25,62
AP,C4,F,25,62
AP,C4,F,25,62
AP,C4,F,26,62
AP,C4,F,25,62
AP,C4,F,25,62
AP,C4,F,27,62
AP,C4,F,26,62
AP,C4,F,26,62
AP,C4,F,25,62
AP,C4,F,26,62
AP,C4,F,26,62
AP,C4,F,28,62
AP,C4,F,26,62
AP,C4,F,26,62
AP,C4,F,27,62
AP,C4,F,24,62
AP,C4,F,26,62
AP,C4,F,23,62
AP,C4,F,25,62
AP,C4,F,25,62
AP,C4,F,24,62
AP,C4,F,24,62
AP,C4,F,26,62
AP,C4,F,26,62
AP,C4,F,26,62
AP,C4,F,26,62
AP,C4,F,25,62
AP,C4,F,24,62
AP,C4,F,26,62
AP,C4,F,25,62
AP,C40,F,25,11
AP,C40,F,26,11
AP,C40,F,26,11
AP,C40,F,23,11
AP,C40,F,27,11
AP,C40,M,21,11
AP,C40,M,22,11
AP,C40,F,23,11
AP,C40,M,18,11
AP,C40,F,25,11
AP,C40,F,26,11
AP,C40,F,27,11
AP,C40,F,26,11
AP,C40,F,23,11
AP,C40,F,25,11
AP,C40,F,26,11
AP,C40,F,26,11
AP,C40,F,26,11
AP,C40,M,21,11
AP,C40,M,21,11
AP,C40,F,25,11
AP,C40,F,25,11
AP,C40,F,26,11
AP,C40,F,26,11
AP,C40,F,26,11
AP,C40,M,22,11
AP,C40,M,21,11
AP,C40,M,20,11
AP,C41,F,27,46
AP,C41,F,27,46
AP,C41,M,21,46
AP,C41,F,27,46
AP,C41,M,21,46
AP,C41,M,22,46
RM,C42,F,25,7
RM,C42,F,27,7
RM,C42,F,28,7
RM,C42,M,20,7
RM,C42,F,26,7
RM,C42,F,26,7
RM,C42,F,26,7
RM,C42,F,26,7
RM,C42,F,24,7
RM,C42,F,24,7
RM,C42,F,24,7
RM,C42,F,24,7
RM,C42,M,22,7
RM,C42,F,25,7
RM,C42,F,26,7
RM,C42,M,22,7
RM,C42,F,23,7
RM,C42,F,24,7
RM,C42,M,20,7
RM,C42,F,23,7
RM,C42,M,21,7
RM,C42,F,26,7
RM,C42,F,24,7
RM,C42,F,24,7
RM,C42,F,25,7
RM,C42,F,25,7
RM,C42,F,26,7
RM,C42,F,24,7
RM,C42,F,26,7
RM,C42,F,25,7
RM,C42,F,24,7
RM,C42,M,21,7
RM,C42,M,21,7
RM,C42,M,22,7
RM,C42,M,21,7
RM,C42,F,26,7
RM,C42,M,21,7
AM,C5,F,26,62
AM,C5,F,26,62
AM,C5,M,22,62
AM,C5,M,21,62
AM,C5,M,22,62
AM,C5,F,26,62
AM,C5,F,25,62
AM,C5,M,20,62
AM,C5,F,25,62
AM,C5,M,21,62
AM,C5,M,20,62
AM,C5,F,26,62
AM,C5,F,26,62
AM,C5,M,21,62
AM,C5,M,22,62
AM,C5,M,21,62
AM,C5,M,21,62
AM,C5,M,22,62
AM,C5,F,26,62
AM,C5,F,27,62
AM,C5,M,21,62
AM,C5,M,20,62
AM,C5,M,21,62
AM,C5,M,22,62
AM,C5,M,22,62
AM,C5,M,20,62
AM,C5,M,21,62
AM,C5,M,22,62
AM,C5,M,21,62
AM,C5,F,27,62
AM,C5,M,22,62
AM,C5,M,22,62
AM,C5,M,22,62
AM,C5,F,24,62
AM,C5,M,22,62
AM,C5,M,20,62
AM,C5,M,22,62
AM,C5,M,22,62
AM,C5,M,21,62
AM,C5,M,20,62
AM,C5,M,19,62
AM,C5,M,19,62
AM,C5,M,21,62
AM,C5,M,23,62
AM,C5,M,20,62
AM,C5,M,23,62
AP,C6,F,25,61
AP,C6,F,26,61
AP,C6,M,21,61
AP,C6,M,22,61
AP,C6,F,24,61
AP,C6,M,21,61
AP,C6,M,21,61
AP,C6,M,22,61
AP,C6,M,20,61
AP,C6,M,20,61
AP,C6,M,21,61
AP,C6,M,22,61
AP,C6,F,25,61
AP,C6,M,21,61
AP,C6,M,22,61
AP,C6,M,21,61
AP,C6,M,20,61
AP,C6,M,21,61
AP,C6,M,20,61
AP,C6,M,22,61
AP,C6,F,25,61
AP,C6,F,25,61
AP,C6,F,25,61
AP,C6,F,25,61
AP,C6,F,26,61
AP,C6,M,22,61
AP,C6,M,21,61
AP,C6,F,27,61
AP,C6,F,26,61
AP,C6,M,21,61
AP,C6,M,21,61
AP,C6,M,22,61
AP,C6,M,20,61
AP,C6,F,25,61
AP,C6,F,23,61
AP,C6,M,20,61
AM,C7,F,26,61
AM,C7,F,26,61
AM,C7,F,24,61
AM,C7,M,21,61
AM,C7,M,22,61
AM,C7,M,22,61
AM,C7,F,27,61
AM,C7,F,26,61
AM,C7,F,27,61
AM,C7,M,20,61
AM,C7,M,20,61
AM,C7,M,22,61
AM,C7,M,21,61
AM,C7,F,25,61
AM,C7,F,25,61
AM,C7,M,20,61
AM,C7,M,22,61
AM,C7,M,20,61
AM,C7,M,20,61
AP,C8,M,22,61
AP,C8,F,27,61
AP,C8,M,20,61
AP,C8,M,22,61
AP,C8,M,22,61
AP,C8,M,20,61
AP,C8,M,20,61
AP,C8,F,24,61
AP,C8,F,25,61
AP,C8,M,21,61
AM,C9,F,24,39
AM,C9,M,21,39
AM,C9,M,21,39
AP,D1,F,24,59
AP,D1,F,26,59
AP,D1,F,27,59
AP,D1,M,22,59
AP,D1,M,21,59
AP,D1,M,21,59
AP,D1,M,20,59
AP,D1,F,24,59
RM,D11,F,26,23
RM,D12,F,23,21
RM,D12,F,26,21
RM,D12,F,25,21
RM,D13,F,27,21
RM,D14,M,21,13
RM,D14,F,23,13
RM,D15,M,22,20
RM,D16,M,22,19
AP,D2,M,22,43
AP,D2,M,20,43
AP,D2,F,24,43
AP,D2,F,25,43
AP,D2,F,26,43
AP,D2,M,22,43
AP,D2,M,18,43
AP,D2,M,21,43
AM,D3,M,21,29
AM,D3,M,20,29
AM,D3,F,25,29
RM,D4,F,28,45
RM,D5,M,24,30
RM,D5,M,21,30
RM,D5,M,24,30
RM,D5,M,21,30
RM,D5,M,21,30
RM,D5,M,21,30
RM,D5,M,23,30
AM,D5,M,21,30
AM,D5,M,21,30
AM,D5,M,22,30
AM,D5,M,21,30
AM,D5,M,20,30
AM,D5,M,21,30
AM,D5,M,22,30
AM,D5,M,22,30
AM,D5,F,23,30
AM,D5,M,22,30
AM,D5,M,22,30
AM,D5,M,21,30
AM,D5,M,20,30
AM,D5,M,20,30
AM,D5,F,28,30
AM,D5,M,20,30
AM,D5,M,21,30
RM,D5,F,27,30
RM,D5,F,25,30
RM,D7,M,19,42
RM,E1,F,26,65
RM,E1,F,26,65
RM,E1,F,27,65
RM,E1,F,27,65
RM,E1,M,22,65
RM,E1,F,27,65
RM,E1,F,26,65
RM,E1,F,25,65
RM,E1,F,26,65
RM,E1,F,26,65
RM,E1,F,29,65
RM,E1,F,27,65
RM,E1,M,20,65
RM,E1,F,26,65
RM,E1,F,27,65
RM,E1,M,22,65
RM,E1,M,24,65
RM,E1,F,27,65
RM,E1,F,26,65
RM,E1,M,22,65
RM,E1,M,22,65
RM,E1,F,26,65
RM,E1,M,22,65
RM,E1,F,27,65
RM,E1,F,26,65
RM,E1,M,23,65
RM,E1,F,25,65
RM,E1,M,24,65
RM,E1,F,25,65
RM,E1,M,22,65
AP,E1,F,28,65
AP,E1,F,26,65
AP,E1,F,26,65
AP,E1,M,22,65
AP,E1,M,23,65
AP,E1,M,22,65
AP,E1,M,19,65
AP,E1,F,27,65
AP,E1,F,25,65
AP,E1,F,24,65
AP,E1,M,20,65
AP,E1,M,21,65
AP,E1,M,22,65
AP,E1,F,26,65
AP,E1,F,24,65
AP,E1,M,23,65
AP,E1,M,21,65
AP,E1,M,21,65
AP,E1,M,22,65
AP,E1,F,24,65
AP,E1,F,26,65
AP,E1,F,24,65
AP,E1,M,22,65
AP,E1,F,27,65
AP,E1,F,26,65
AP,E1,F,25,65
AP,E1,F,27,65
AP,E1,F,27,65
AP,E1,M,21,65
AP,E1,M,20,65
AP,E1,F,26,65
AP,E1,M,21,65
AP,E1,M,22,65
AP,E1,M,21,65
AP,E1,F,25,65
AP,E1,M,22,65
RM,E11,M,20,60
RM,E11,F,25,60
RM,E11,F,25,60
RM,E11,F,26,60
RM,E11,F,25,60
RM,E11,F,23,60
RM,E11,M,20,60
RM,E11,F,27,60
RM,E11,F,26,60
RM,E11,M,23,60
RM,E11,F,25,60
RM,E11,M,21,60
RM,E11,F,24,60
AM,E11,M,22,60
AM,E11,M,21,60
AP,E11,F,22,60
AM,E11,F,28,60
AP,E11,M,21,60
AM,E11,F,27,60
AP,E11,F,27,60
AM,E11,M,21,60
AP,E11,M,19,60
AM,E11,M,20,60
AP,E11,F,25,60
AM,E11,F,25,60
AP,E11,M,21,60
AM,E11,M,22,60
AP,E11,M,21,60
AP,E11,F,25,60
AM,E11,M,23,60
AP,E11,F,25,60
AM,E11,F,27,60
AP,E11,F,23,60
AM,E11,M,22,60
AP,E11,M,20,60
AM,E11,F,26,60
AP,E11,F,24,60
AM,E11,F,27,60
AP,E11,M,20,60
AM,E11,F,27,60
AP,E11,M,21,60
AM,E11,F,24,60
AP,E11,F,28,60
AM,E11,F,24,60
RM,E13,F,27,62
RM,E13,F,26,62
RM,E13,M,23,62
RM,E13,M,21,62
RM,E13,M,21,62
RM,E13,F,26,62
AP,E13,F,25,62
AP,E13,F,25,62
AP,E13,F,25,62
AP,E13,F,25,62
AP,E13,M,21,62
AP,E13,M,21,62
AP,E13,F,25,62
AP,E13,M,20,62
AP,E13,M,22,62
AP,E13,M,21,62
AP,E13,M,19,62
AP,E13,F,26,62
AP,E13,M,22,62
AP,E13,F,24,62
AP,E2,F,27,61
AP,E2,F,26,61
AP,E2,M,22,61
AP,E2,F,26,61
AP,E2,F,26,61
AP,E2,M,22,61
AP,E2,M,23,61
AP,E2,M,21,61
RM,E3,F,26,61
RM,E3,F,23,61